{
    "config_name": "config_04_high_gamma",
    "config": {
        "name": "config_04_high_gamma",
        "learning_rate": 0.0003,
        "gamma": 0.995,
        "num_episodes": 4000,
        "entropy_coef": 0.01
    },
    "training_time_minutes": 3.4657498319943745,
    "mean_reward": -117.25,
    "std_reward": 51.312401035227346,
    "mean_service_level": 0.9867286395359567,
    "mean_stockouts": 1.2,
    "best_training_reward": 9.5,
    "training_losses": [
        -14.140243530273438,
        -12.418031692504883,
        -12.328052520751953,
        -16.377649307250977,
        -13.285569190979004,
        -15.566858291625977,
        -13.146642684936523,
        -14.814556121826172,
        -14.94737434387207,
        -15.358153343200684,
        -17.44132423400879,
        -15.608380317687988,
        -14.112114906311035,
        -13.722250938415527,
        -8.704317092895508,
        -13.388971328735352,
        -15.959760665893555,
        -12.926107406616211,
        -11.404125213623047,
        -13.643911361694336,
        -12.97159481048584,
        -7.858442306518555,
        -15.966888427734375,
        -14.630674362182617,
        -13.619623184204102,
        -13.010637283325195,
        -13.333672523498535,
        -15.049687385559082,
        -22.339933395385742,
        -15.154151916503906,
        -15.057821273803711,
        -17.348346710205078,
        -16.442134857177734,
        -11.751252174377441,
        -10.359789848327637,
        -4.276479721069336,
        -9.290355682373047,
        -13.788320541381836,
        -13.823098182678223,
        -11.629901885986328,
        -11.778138160705566,
        -10.44968032836914,
        -14.564974784851074,
        -16.17136001586914,
        -11.760765075683594,
        -9.169922828674316,
        -12.79300308227539,
        -14.286932945251465,
        -16.396129608154297,
        -13.068750381469727,
        -18.295413970947266,
        -14.082952499389648,
        -17.196989059448242,
        -12.628405570983887,
        -12.178605079650879,
        -15.724320411682129,
        -14.740120887756348,
        -18.05318260192871,
        -9.472163200378418,
        -13.532973289489746,
        -14.817362785339355,
        -16.28278160095215,
        -8.496678352355957,
        -10.651535987854004,
        -11.55180835723877,
        -11.733006477355957,
        -10.027228355407715,
        -14.33367919921875,
        -11.446965217590332,
        -12.830636024475098,
        -11.74632740020752,
        -10.548266410827637,
        -11.239080429077148,
        -13.652338027954102,
        -14.2815523147583,
        -11.554611206054688,
        -17.276973724365234,
        -4.146122932434082,
        -11.12003231048584,
        -15.812004089355469,
        -7.366515159606934,
        -13.372995376586914,
        -14.846649169921875,
        -16.155174255371094,
        -15.067914962768555,
        -16.181663513183594,
        -8.226579666137695,
        -15.808774948120117,
        -16.145593643188477,
        -10.943538665771484,
        -11.926436424255371,
        -18.304712295532227,
        -9.235954284667969,
        -11.54002857208252,
        -20.26392936706543,
        -7.976357460021973,
        -15.428913116455078,
        2.5840582847595215,
        -12.414008140563965,
        -18.128971099853516
    ]
}