{
    "config_name": "config_05_large_batch",
    "training_time_minutes": 2.295002802213033,
    "mean_reward": -35.85,
    "std_reward": 40.17527224549947
}