{
    "config_name": "config_10_BEST",
    "training_time_minutes": 44.42246486345927,
    "mean_reward": -70.2,
    "std_reward": 68.18254908699146
}