{
    "config_name": "config_01_baseline",
    "config": {
        "name": "config_01_baseline",
        "learning_rate": 0.0003,
        "gamma": 0.99,
        "num_episodes": 4000,
        "entropy_coef": 0.01
    },
    "training_time_minutes": 3.433499546845754,
    "mean_reward": -218.05,
    "std_reward": 67.97957413811886,
    "mean_service_level": 0.9921775723091513,
    "mean_stockouts": 0.7,
    "best_training_reward": 4.5,
    "training_losses": [
        -11.702398300170898,
        -11.224443435668945,
        -15.442584991455078,
        -10.704967498779297,
        -12.590174674987793,
        -13.926783561706543,
        -9.669302940368652,
        -10.790618896484375,
        -2.864924430847168,
        -8.492173194885254,
        -14.450431823730469,
        -11.133443832397461,
        -12.797242164611816,
        -10.898226737976074,
        -13.148161888122559,
        -11.39297866821289,
        -14.5293550491333,
        -9.577638626098633,
        -14.404839515686035,
        -3.241885185241699,
        -10.538877487182617,
        -13.090559005737305,
        -13.826746940612793,
        -13.043978691101074,
        -14.971402168273926,
        -6.415346622467041,
        -11.366743087768555,
        -11.216215133666992,
        -9.675869941711426,
        -11.271028518676758,
        -12.42799186706543,
        -14.211752891540527,
        -16.203121185302734,
        -11.99144172668457,
        -12.561352729797363,
        -9.604802131652832,
        -17.377023696899414,
        -13.503637313842773,
        -10.133745193481445,
        -8.804044723510742,
        -11.75927448272705,
        -13.978954315185547,
        -9.999159812927246,
        6.250943183898926,
        -9.554099082946777,
        -4.228734016418457,
        -12.982193946838379,
        -12.784102439880371,
        -12.509746551513672,
        -15.002642631530762,
        -9.162464141845703,
        -10.718718528747559,
        -14.066079139709473,
        -5.632707595825195,
        -18.822328567504883,
        -17.869670867919922,
        -14.901847839355469,
        -9.280439376831055,
        -8.391411781311035,
        -11.256176948547363,
        -1.1734833717346191,
        -10.992791175842285,
        -4.487921237945557,
        -6.312368392944336,
        -11.672717094421387,
        -16.859407424926758,
        -10.327500343322754,
        -12.982258796691895,
        -13.429683685302734,
        -12.72885799407959,
        -12.6022367477417,
        -6.591135501861572,
        -10.994812965393066,
        -13.714165687561035,
        -15.573888778686523,
        -11.222150802612305,
        -14.916683197021484,
        -18.31082534790039,
        -10.456968307495117,
        -12.939064025878906,
        -10.127071380615234,
        -9.626025199890137,
        -9.76866626739502,
        -6.932739734649658,
        -2.505618095397949,
        -3.9251909255981445,
        -7.699428558349609,
        -12.015030860900879,
        -12.63848876953125,
        -7.483372688293457,
        -9.597718238830566,
        -11.15556526184082,
        -12.488114356994629,
        -12.4188814163208,
        0.1782165765762329,
        -15.169167518615723,
        -5.191368103027344,
        -7.110088348388672,
        -12.4354829788208,
        -5.231539249420166
    ]
}