{
    "config_name": "config_04_high_gamma",
    "training_time_minutes": 3.1291893561681112,
    "mean_reward": -79.85,
    "std_reward": 80.8959362390967
}