{
    "config_name": "config_07_high_exploration",
    "training_time_minutes": 2.4949228048324583,
    "mean_reward": -139.4,
    "std_reward": 74.9512508234519
}