{
    "config_name": "config_07_no_entropy",
    "config": {
        "name": "config_07_no_entropy",
        "learning_rate": 0.0003,
        "gamma": 0.99,
        "num_episodes": 4000,
        "entropy_coef": 0.0
    },
    "training_time_minutes": 3.4175976594289144,
    "mean_reward": -52.75,
    "std_reward": 28.13649764984974,
    "mean_service_level": 0.9883092621263657,
    "mean_stockouts": 1.0,
    "best_training_reward": 13.0,
    "training_losses": [
        1.5760139226913452,
        -4.847178936004639,
        -4.774885177612305,
        -0.7345197796821594,
        -0.7604422569274902,
        -3.594363212585449,
        -3.1893675327301025,
        0.7752960920333862,
        -8.722183227539062,
        1.1540870666503906,
        -0.05171439051628113,
        -6.545395374298096,
        -0.38753214478492737,
        -2.449408531188965,
        -1.4727259874343872,
        -1.3897957801818848,
        5.533010482788086,
        -6.82686185836792,
        2.0394320487976074,
        -0.4164107143878937,
        -5.911227703094482,
        6.984872341156006,
        0.4128723740577698,
        -2.150569438934326,
        0.31689998507499695,
        -3.8864316940307617,
        1.2185288667678833,
        -4.0661773681640625,
        1.2068345546722412,
        -6.625310897827148,
        -1.5223793983459473,
        -1.433927297592163,
        -5.762459754943848,
        0.7876858711242676,
        -0.7829337120056152,
        -3.5149619579315186,
        1.387103796005249,
        1.0146863460540771,
        -2.7701778411865234,
        1.8836054801940918,
        1.892634630203247,
        6.758838653564453,
        -4.507717132568359,
        2.4664013385772705,
        -0.3998512327671051,
        -4.276719570159912,
        2.6081700325012207,
        -5.994843006134033,
        2.916205883026123,
        3.034151315689087,
        2.8746559619903564,
        -2.9563581943511963,
        -10.542634963989258,
        1.2278201580047607,
        -1.4035013914108276,
        -4.595576763153076,
        -0.06745192408561707,
        1.1623562574386597,
        -3.094789981842041,
        -3.910118341445923,
        0.2657240033149719,
        -12.544590950012207,
        1.2907767295837402,
        1.8890953063964844,
        -2.0643415451049805,
        -5.266289234161377,
        0.7857608795166016,
        -0.40676790475845337,
        7.04344367980957,
        -8.682997703552246,
        0.647962212562561,
        -0.679693877696991,
        -7.500514984130859,
        -3.493694305419922,
        -5.554530143737793,
        -6.649203300476074,
        -3.340715169906616,
        -6.514236927032471,
        0.12556707859039307,
        1.4999260902404785,
        -3.686368703842163,
        0.005256474018096924,
        2.941288948059082,
        -3.050172805786133,
        1.5963027477264404,
        -1.120676040649414,
        -5.644136905670166,
        -4.099542140960693,
        -1.67081880569458,
        -6.671447277069092,
        -1.9937703609466553,
        4.193291664123535,
        -2.802846908569336,
        -2.9654994010925293,
        -9.896965026855469,
        -0.7802327275276184,
        -1.9296646118164062,
        -4.884817600250244,
        -3.2211852073669434,
        -1.5617302656173706
    ]
}