{
    "config_name": "config_10_BEST",
    "training_time_minutes": 33.962405820687614,
    "mean_reward": -252.85,
    "std_reward": 127.09170901360953
}