{
    "config_name": "config_09_long_train",
    "config": {
        "name": "config_09_long_train",
        "learning_rate": 0.0002,
        "gamma": 0.99,
        "num_episodes": 4000,
        "entropy_coef": 0.01
    },
    "training_time_minutes": 3.734596900145213,
    "mean_reward": -66.05,
    "std_reward": 49.933180351345534,
    "mean_service_level": 0.9853308824050364,
    "mean_stockouts": 1.7,
    "best_training_reward": 12.0,
    "training_losses": [
        9.738917350769043,
        -2.367403030395508,
        -0.027431368827819824,
        -1.9901161193847656,
        -0.38923949003219604,
        2.9339075088500977,
        0.8213218450546265,
        -13.130300521850586,
        -4.057991027832031,
        0.3565393090248108,
        -4.765436172485352,
        -4.241376876831055,
        -2.168447732925415,
        3.9333291053771973,
        -9.916279792785645,
        -1.0269496440887451,
        -5.6588311195373535,
        1.6174253225326538,
        -3.8116841316223145,
        -2.0525248050689697,
        -2.942897319793701,
        2.4979796409606934,
        -1.1422853469848633,
        -11.580144882202148,
        -2.073267698287964,
        -3.95915150642395,
        -1.4032766819000244,
        -0.8504573106765747,
        3.07393217086792,
        -2.735996961593628,
        2.7436108589172363,
        -3.6504108905792236,
        1.1365869045257568,
        -2.1060876846313477,
        0.08523103594779968,
        -3.4274556636810303,
        -0.7177209854125977,
        -1.0633187294006348,
        -2.3835701942443848,
        -1.0226811170578003,
        -0.3290574252605438,
        -3.986077308654785,
        -0.9708415269851685,
        -5.287014007568359,
        -0.6005884408950806,
        -4.2549967765808105,
        -2.043100595474243,
        2.434614896774292,
        -9.32946491241455,
        -3.6917543411254883,
        -3.58829402923584,
        -8.051412582397461,
        -2.8720505237579346,
        -2.01828670501709,
        -6.651312351226807,
        -6.157115936279297,
        2.4755003452301025,
        0.5152608156204224,
        6.293488502502441,
        -6.103353500366211,
        -6.383068561553955,
        -2.455566167831421,
        -2.6401472091674805,
        -2.3403983116149902,
        -7.180877208709717,
        -4.842385768890381,
        -6.69868278503418,
        -9.53586196899414,
        8.245957374572754,
        -5.718688488006592,
        -0.014441132545471191,
        2.6018476486206055,
        -1.9236876964569092,
        4.837734222412109,
        -4.745506286621094,
        1.9578382968902588,
        0.7487831115722656,
        -1.3615968227386475,
        2.8620519638061523,
        1.2799134254455566,
        0.1372389793395996,
        -11.154842376708984,
        -9.472550392150879,
        -1.5455236434936523,
        1.6221675872802734,
        -7.338247299194336,
        -3.4677481651306152,
        5.588649749755859,
        -6.1690754890441895,
        -3.786388397216797,
        2.2406184673309326,
        -4.175960540771484,
        2.1753878593444824,
        3.8509373664855957,
        -11.018054008483887,
        -8.602771759033203,
        -5.303059101104736,
        -3.575230598449707,
        -2.59660005569458,
        -8.859505653381348
    ]
}