{
    "config_name": "config_02_high_lr",
    "training_time_minutes": 3.8174726366996765,
    "mean_reward": -64.8,
    "std_reward": 21.8954333138214
}