{
    "config_name": "config_07_tight_clip",
    "training_time_minutes": 2.9261818091074625,
    "mean_reward": -59.7,
    "std_reward": 46.53987537585377
}