{
    "config_name": "config_06_high_entropy",
    "config": {
        "name": "config_06_high_entropy",
        "learning_rate": 0.0003,
        "gamma": 0.99,
        "num_episodes": 4000,
        "entropy_coef": 0.05
    },
    "training_time_minutes": 3.472998901208242,
    "mean_reward": -40.95,
    "std_reward": 36.439298840674745,
    "mean_service_level": 0.9870937675339979,
    "mean_stockouts": 1.2,
    "best_training_reward": 3.5,
    "training_losses": [
        -6.205522537231445,
        0.28227826952934265,
        -1.3348758220672607,
        -4.94589900970459,
        -0.40598881244659424,
        -3.810685634613037,
        1.3858437538146973,
        0.16721701622009277,
        0.7445920705795288,
        -5.232024192810059,
        0.7829936742782593,
        -6.263846397399902,
        -4.060656547546387,
        0.4658437967300415,
        -4.219552040100098,
        -2.6949565410614014,
        -9.217079162597656,
        -4.866845607757568,
        -4.8550496101379395,
        -7.215734481811523,
        -2.001558542251587,
        -6.268961429595947,
        -4.899155616760254,
        -3.184938907623291,
        -8.255232810974121,
        -6.539607048034668,
        -2.0320487022399902,
        -2.4046459197998047,
        -5.891427040100098,
        0.8127801418304443,
        -1.0131574869155884,
        -7.244779586791992,
        -3.3874897956848145,
        -2.141789436340332,
        -4.86672830581665,
        0.03910735249519348,
        -4.1588616371154785,
        0.8325095176696777,
        -6.944641590118408,
        -7.964768409729004,
        0.1989150047302246,
        -1.9734359979629517,
        0.8053674697875977,
        1.8935189247131348,
        1.061895728111267,
        -6.102222442626953,
        -6.7248334884643555,
        -0.6332369446754456,
        -9.96863079071045,
        -3.00101900100708,
        1.6686416864395142,
        -0.40366339683532715,
        -1.4133950471878052,
        -3.7753939628601074,
        -0.8859116435050964,
        -2.1977806091308594,
        -0.346840500831604,
        -2.4157795906066895,
        -4.497905254364014,
        -0.08225631713867188,
        -1.7200922966003418,
        -4.420374393463135,
        -1.7598899602890015,
        -2.2471821308135986,
        -1.7564995288848877,
        -1.070117712020874,
        -12.487576484680176,
        -6.857693195343018,
        -0.6557562947273254,
        -6.415113925933838,
        1.5090532302856445,
        -4.577763557434082,
        -1.0122803449630737,
        -4.130927085876465,
        2.4179749488830566,
        -5.967337131500244,
        -5.745089530944824,
        -11.199834823608398,
        2.259441375732422,
        -4.647100925445557,
        4.69056510925293,
        -2.407724618911743,
        -7.992047309875488,
        -6.34445333480835,
        0.41624847054481506,
        -4.174832344055176,
        -0.14951640367507935,
        -9.878714561462402,
        -3.480186700820923,
        -1.2757890224456787,
        -0.3856344223022461,
        -4.657415390014648,
        -2.0503532886505127,
        2.0397043228149414,
        1.3045217990875244,
        -7.980945587158203,
        -3.300739049911499,
        0.23859846591949463,
        -2.7449870109558105,
        -0.7625858783721924
    ]
}