{
    "config_name": "config_02_high_lr",
    "training_time_minutes": 2.8229573170344033,
    "mean_reward": -69.05,
    "std_reward": 65.56655016088615
}