{
    "config_name": "config_05_low_gamma",
    "config": {
        "name": "config_05_low_gamma",
        "learning_rate": 0.0003,
        "gamma": 0.95,
        "num_episodes": 4000,
        "entropy_coef": 0.01
    },
    "training_time_minutes": 3.3551494320233664,
    "mean_reward": -87.55,
    "std_reward": 73.90651189171358,
    "mean_service_level": 0.9678184250969875,
    "mean_stockouts": 2.7,
    "best_training_reward": 18.0,
    "training_losses": [
        -4.506574630737305,
        -6.011868953704834,
        -3.553774356842041,
        -1.5831211805343628,
        3.3742053508758545,
        -7.562173843383789,
        -1.76908278465271,
        -2.800097703933716,
        -0.36869511008262634,
        -0.7053082585334778,
        -5.869637489318848,
        -2.642428398132324,
        1.5924971103668213,
        -4.584834575653076,
        -0.8948073387145996,
        -8.0147123336792,
        -7.171918869018555,
        3.5186290740966797,
        -1.7013647556304932,
        -0.4916921854019165,
        -4.354701042175293,
        -8.03056526184082,
        -6.485374450683594,
        -8.928250312805176,
        -2.009505033493042,
        -2.6023683547973633,
        -1.137834906578064,
        0.03208589553833008,
        -2.46447491645813,
        0.37583640217781067,
        2.177121162414551,
        -3.5221338272094727,
        -1.7745418548583984,
        0.8673121929168701,
        -2.2826361656188965,
        1.3479374647140503,
        -5.203555107116699,
        -0.33143800497055054,
        1.1007647514343262,
        -7.127164363861084,
        1.3277416229248047,
        3.755357265472412,
        3.0248751640319824,
        3.186547040939331,
        1.8862894773483276,
        -3.485295534133911,
        0.7968520522117615,
        -1.6692991256713867,
        -5.749078273773193,
        1.1196541786193848,
        -6.784921646118164,
        -2.4326095581054688,
        -2.6222357749938965,
        0.8446155190467834,
        -2.283409357070923,
        -1.795240044593811,
        1.8929888010025024,
        -3.7577571868896484,
        -9.709381103515625,
        -0.23380324244499207,
        2.4523463249206543,
        -4.092713832855225,
        -6.487298488616943,
        -0.285439133644104,
        5.949670314788818,
        -6.890913009643555,
        0.6977393627166748,
        8.458251953125,
        1.1697368621826172,
        0.06148634850978851,
        3.421823501586914,
        -5.530863285064697,
        -0.8169807195663452,
        -1.5739712715148926,
        1.1038308143615723,
        -0.16399890184402466,
        0.39904820919036865,
        -5.548354148864746,
        0.15559636056423187,
        0.5643771886825562,
        -0.5993844270706177,
        2.8811254501342773,
        1.13594388961792,
        -0.37681829929351807,
        2.1307687759399414,
        6.596561908721924,
        -2.879889488220215,
        4.528018474578857,
        -6.5098066329956055,
        3.609437942504883,
        8.31493854522705,
        -4.233163356781006,
        -1.8584723472595215,
        0.5122121572494507,
        -2.8134875297546387,
        0.759929358959198,
        -1.7506170272827148,
        0.8178549408912659,
        -1.762666940689087,
        0.8416175842285156
    ]
}