{
    "config_name": "config_10_BEST",
    "training_time_minutes": 45.17575542529424,
    "mean_reward": -36.7,
    "std_reward": 29.890801260588518
}