{
    "config_name": "config_02_high_lr",
    "config": {
        "name": "config_02_high_lr",
        "learning_rate": 0.001,
        "gamma": 0.99,
        "num_episodes": 4000,
        "entropy_coef": 0.01
    },
    "training_time_minutes": 4.081678032875061,
    "mean_reward": -121.25,
    "std_reward": 113.34422129072131,
    "mean_service_level": 0.9547533478112028,
    "mean_stockouts": 3.3,
    "best_training_reward": 13.5,
    "training_losses": [
        -4.282986164093018,
        -0.8417964577674866,
        -0.748719334602356,
        -2.4832727909088135,
        -2.3723881244659424,
        -0.029138438403606415,
        -2.390228509902954,
        -2.4298417568206787,
        -3.454850673675537,
        1.58866286277771,
        -1.9469164609909058,
        1.0052207708358765,
        0.14816822111606598,
        -0.34825971722602844,
        -0.8895785808563232,
        0.7176727056503296,
        -8.041496276855469,
        -2.2051827907562256,
        4.885536193847656,
        0.33770859241485596,
        2.728365421295166,
        0.5927221179008484,
        -3.197732448577881,
        -1.2978780269622803,
        -2.7392377853393555,
        -6.2469000816345215,
        -0.6868589520454407,
        2.025505304336548,
        1.065536379814148,
        0.5226429104804993,
        1.3301151990890503,
        -4.7338738441467285,
        -0.2685626447200775,
        -6.061794757843018,
        -6.681100368499756,
        0.7515619993209839,
        -2.8570265769958496,
        1.3084830045700073,
        -14.534518241882324,
        -1.3115668296813965,
        -9.065949440002441,
        -4.496586322784424,
        -1.801842212677002,
        -5.186351299285889,
        -0.7183421850204468,
        5.738102436065674,
        -4.855278015136719,
        -0.18563063442707062,
        -0.6336734294891357,
        -3.7821099758148193,
        -1.6110841035842896,
        3.232649087905884,
        2.8580620288848877,
        -0.030747026205062866,
        2.308931350708008,
        -0.7846911549568176,
        -2.974426031112671,
        -3.727583169937134,
        -3.063467264175415,
        -12.022843360900879,
        -1.360923171043396,
        -2.1010472774505615,
        1.1492729187011719,
        8.69674015045166,
        -1.1757876873016357,
        -1.0870225429534912,
        -0.0784648209810257,
        -6.841501712799072,
        -2.2023260593414307,
        -2.5017471313476562,
        1.6898181438446045,
        -1.0650240182876587,
        2.9354894161224365,
        -2.1827492713928223,
        -1.002930760383606,
        1.7957981824874878,
        -2.506283760070801,
        -7.049715995788574,
        -1.9735195636749268,
        2.509615898132324,
        -7.182027339935303,
        -2.0316991806030273,
        -0.8466923832893372,
        -3.3220131397247314,
        -7.795507907867432,
        -4.227135181427002,
        -4.3133697509765625,
        -5.119853973388672,
        -4.367580890655518,
        -4.200193405151367,
        0.47921210527420044,
        -0.22590571641921997,
        -3.7661361694335938,
        -5.663506984710693,
        -2.2358250617980957,
        -0.9565593004226685,
        -8.877664566040039,
        -3.8122878074645996,
        -0.7800163626670837,
        -7.103170394897461
    ]
}