{
    "config_name": "config_10_BEST",
    "config": {
        "name": "config_10_BEST",
        "learning_rate": 0.0003,
        "gamma": 0.99,
        "num_episodes": 15000,
        "entropy_coef": 0.01
    },
    "training_time_minutes": 14.03572080930074,
    "mean_reward": -67.85,
    "std_reward": 45.587306347271706,
    "mean_service_level": 0.9792008976409724,
    "mean_stockouts": 1.8,
    "best_training_reward": 10.5,
    "training_losses": [
        -4.446535587310791,
        -8.886651992797852,
        -8.305030822753906,
        -7.050242900848389,
        -10.287022590637207,
        -10.528081893920898,
        -9.9146728515625,
        -9.450526237487793,
        -7.5997772216796875,
        -3.3464128971099854,
        -6.233279228210449,
        -4.430324077606201,
        0.8830220699310303,
        -2.7545876502990723,
        -4.462035179138184,
        -4.866711139678955,
        -8.106720924377441,
        -1.276655673980713,
        -12.56831169128418,
        -4.24635648727417,
        -15.030035018920898,
        -5.585825443267822,
        -7.2632036209106445,
        -1.7070531845092773,
        -3.864272356033325,
        -5.4952592849731445,
        -8.740437507629395,
        0.7125580310821533,
        -5.884181022644043,
        -4.690030097961426,
        -4.706263065338135,
        -4.698141098022461,
        -1.299039363861084,
        -6.6656670570373535,
        -4.17913293838501,
        -1.688469648361206,
        6.339593887329102,
        -5.523233413696289,
        -5.9466729164123535,
        -5.582535266876221,
        10.95598030090332,
        -0.4898393154144287,
        -10.812556266784668,
        -5.934690475463867,
        1.4067977666854858,
        -8.393599510192871,
        -4.769503593444824,
        -1.8843952417373657,
        -9.33106803894043,
        -5.93004035949707,
        -4.30402135848999,
        -9.919878005981445,
        -14.830913543701172,
        -10.958028793334961,
        -5.340864181518555,
        2.235017776489258,
        -6.330045700073242,
        -9.519268035888672,
        -11.792303085327148,
        -9.229826927185059,
        -8.739331245422363,
        -7.5705060958862305,
        -8.580718994140625,
        -7.592018127441406,
        -7.035066604614258,
        -10.054471015930176,
        -10.604710578918457,
        -4.598878860473633,
        -8.491922378540039,
        2.186267375946045,
        -7.495394706726074,
        -4.824594497680664,
        -7.769410133361816,
        -7.1756672859191895,
        -3.437098503112793,
        -12.178287506103516,
        -6.334777355194092,
        -0.43099290132522583,
        -5.401647090911865,
        -3.686948299407959,
        -3.6397013664245605,
        -2.7194294929504395,
        -9.110267639160156,
        -6.954588890075684,
        -7.406674385070801,
        -4.612439155578613,
        -8.242027282714844,
        -9.152078628540039,
        -7.7371439933776855,
        7.266020774841309,
        -2.4442343711853027,
        -9.915742874145508,
        -7.055339813232422,
        -12.152748107910156,
        8.322810173034668,
        -7.935736179351807,
        -7.886687278747559,
        0.5095154047012329,
        5.008236885070801,
        -7.601014137268066
    ]
}