{
    "config_name": "config_08_balanced",
    "config": {
        "name": "config_08_balanced",
        "learning_rate": 0.0003,
        "gamma": 0.98,
        "num_episodes": 4000,
        "entropy_coef": 0.01
    },
    "training_time_minutes": 3.4255752126375834,
    "mean_reward": -177.05,
    "std_reward": 56.84296350472941,
    "mean_service_level": 0.9988465032485252,
    "mean_stockouts": 0.3,
    "best_training_reward": 1.0,
    "training_losses": [
        -3.99273681640625,
        -10.128448486328125,
        -5.040946960449219,
        -9.47908878326416,
        -12.048887252807617,
        -8.611894607543945,
        -10.211626052856445,
        5.812946319580078,
        -4.466566562652588,
        8.057509422302246,
        -16.250295639038086,
        -1.0759129524230957,
        -14.42133617401123,
        2.2976603507995605,
        -4.415212631225586,
        -12.970040321350098,
        3.721463203430176,
        -6.084193229675293,
        -13.917951583862305,
        -4.744500160217285,
        -7.3137359619140625,
        -4.73465633392334,
        -9.803360939025879,
        -9.676451683044434,
        -6.589566707611084,
        -1.3364113569259644,
        -3.162727117538452,
        1.3098067045211792,
        -6.068326473236084,
        -7.515849590301514,
        -12.230186462402344,
        -3.6657321453094482,
        -10.698423385620117,
        -4.238059997558594,
        -16.430932998657227,
        -13.381982803344727,
        -10.80060863494873,
        -4.503823280334473,
        -6.46254301071167,
        -5.881918430328369,
        -9.428825378417969,
        -7.342209339141846,
        -12.161969184875488,
        -2.8876595497131348,
        -9.175202369689941,
        -9.333189964294434,
        -5.553983211517334,
        -13.847400665283203,
        -12.796814918518066,
        -7.007631301879883,
        -6.56721305847168,
        -7.916345119476318,
        -8.903251647949219,
        -18.49629783630371,
        -15.29116439819336,
        -1.9919688701629639,
        -6.710291862487793,
        -2.5108649730682373,
        -3.7777111530303955,
        -7.121742248535156,
        -13.012100219726562,
        -6.14232873916626,
        11.911101341247559,
        -13.724014282226562,
        -12.592591285705566,
        -11.995806694030762,
        -5.381038188934326,
        -4.8913397789001465,
        -11.915558815002441,
        1.3865290880203247,
        -6.079213619232178,
        -7.123642921447754,
        -5.94597053527832,
        -6.645505428314209,
        -6.359900951385498,
        -14.678621292114258,
        -9.510260581970215,
        -0.45607441663742065,
        -15.276611328125,
        -4.973609447479248,
        -6.344449520111084,
        -10.192390441894531,
        -6.620228290557861,
        -9.050195693969727,
        -7.850030899047852,
        -8.523333549499512,
        -1.0269649028778076,
        -7.73085880279541,
        -5.45114803314209,
        -9.0385160446167,
        -14.242127418518066,
        -6.477400779724121,
        -5.142909049987793,
        -9.277033805847168,
        -4.690758228302002,
        -12.669013977050781,
        7.445223808288574,
        -7.5659918785095215,
        -5.225416660308838,
        -9.806292533874512
    ]
}