{
    "config_name": "config_03_low_lr",
    "config": {
        "name": "config_03_low_lr",
        "learning_rate": 0.0001,
        "gamma": 0.99,
        "num_episodes": 4000,
        "entropy_coef": 0.01
    },
    "training_time_minutes": 3.883700954914093,
    "mean_reward": -261.35,
    "std_reward": 64.14984411516524,
    "mean_service_level": 0.9859579848354052,
    "mean_stockouts": 1.0,
    "best_training_reward": 4.0,
    "training_losses": [
        -0.3073650598526001,
        -4.218957901000977,
        0.9385112524032593,
        -3.352154016494751,
        5.6281657218933105,
        1.7106084823608398,
        -3.5065715312957764,
        -0.906998336315155,
        -3.229450225830078,
        4.443206787109375,
        -0.3892672061920166,
        -10.629334449768066,
        -5.805039882659912,
        -6.032093048095703,
        1.3633642196655273,
        -1.4883947372436523,
        -3.6943564414978027,
        -2.1811141967773438,
        -6.606191635131836,
        -4.635347843170166,
        -2.5585529804229736,
        -0.08395209908485413,
        2.554985523223877,
        6.495860576629639,
        -9.500349044799805,
        -1.8145066499710083,
        -0.7834439873695374,
        1.3104090690612793,
        -1.972139596939087,
        -5.775810241699219,
        -0.5649255514144897,
        -5.873582363128662,
        -0.6704694032669067,
        -6.276817798614502,
        -5.7664337158203125,
        -8.857312202453613,
        -2.530088424682617,
        -4.141169548034668,
        -1.3740174770355225,
        -0.6311754584312439,
        1.733880877494812,
        -4.812803268432617,
        4.405019760131836,
        -2.4346823692321777,
        1.6089951992034912,
        -0.5651142001152039,
        3.199583053588867,
        -4.142130374908447,
        -0.4270792007446289,
        -5.157710075378418,
        -6.168124198913574,
        2.2468440532684326,
        -4.949402809143066,
        -4.340795993804932,
        -0.8675864934921265,
        -5.745488166809082,
        -8.65661334991455,
        -2.826575756072998,
        -1.3196929693222046,
        -1.6564383506774902,
        -2.9399213790893555,
        -6.871869087219238,
        -1.5646286010742188,
        -4.983238697052002,
        -6.283915996551514,
        8.801589012145996,
        4.608104705810547,
        -4.208743095397949,
        -7.24289608001709,
        -6.020854949951172,
        -6.939657688140869,
        1.7785069942474365,
        -1.1106958389282227,
        1.1980438232421875,
        1.5514230728149414,
        -5.209156513214111,
        -2.236387252807617,
        -0.9923441410064697,
        -8.896005630493164,
        -9.653332710266113,
        -3.5971579551696777,
        -0.5620632171630859,
        -1.8075300455093384,
        -6.0734357833862305,
        3.0266411304473877,
        0.3547581434249878,
        -6.31235933303833,
        -7.010293006896973,
        -6.1742424964904785,
        4.449648857116699,
        -0.5116431713104248,
        -7.971412658691406,
        0.2669045925140381,
        0.3103026747703552,
        4.107728958129883,
        -1.1504552364349365,
        -2.7823309898376465,
        3.634688377380371,
        -3.733473300933838,
        -6.421029567718506
    ]
}